{
  "dataset": "ogbn-arxiv",
  "env": {
    "platform": "Linux-5.15.153.1-microsoft-standard-WSL2-x86_64-with-glibc2.39",
    "python": "3.12.3",
    "torch": "2.13.0.dev20260514+cu130",
    "torch_geometric": "2.7.0",
    "WITH_TORCH_SCATTER": false,
    "WITH_TORCH_SPARSE": false,
    "WITH_PYG_LIB": false,
    "gpu": {
      "cuda_available": true,
      "gpu_name": "NVIDIA GeForce RTX 4070",
      "compute_capability": "sm_89",
      "driver_version": "581.57",
      "torch_cuda_version": "13.0",
      "device_count": 1
    }
  },
  "results": {
    "gcn": {
      "params": 10856,
      "n_warmup": 20,
      "n_timed": 100,
      "min_ms": 10.608927726745605,
      "median_ms": 10.797056198120117,
      "p90_ms": 11.495424270629883,
      "max_ms": 12.440640449523926,
      "mean_ms": 10.951072692871094,
      "peak_allocated_mib": 896.310546875,
      "peak_reserved_mib": 946.0
    },
    "sage": {
      "params": 21608,
      "n_warmup": 20,
      "n_timed": 100,
      "min_ms": 15.497407913208008,
      "median_ms": 15.545344352722168,
      "p90_ms": 16.02252769470215,
      "max_ms": 16.483327865600586,
      "mean_ms": 15.657953605651855,
      "peak_allocated_mib": 870.7548828125,
      "peak_reserved_mib": 946.0
    },
    "gat": {
      "params": 43896,
      "n_warmup": 20,
      "n_timed": 100,
      "min_ms": 33.45920181274414,
      "median_ms": 34.374656677246094,
      "p90_ms": 35.118080139160156,
      "max_ms": 37.08927917480469,
      "mean_ms": 34.410610885620116,
      "peak_allocated_mib": 3121.314453125,
      "peak_reserved_mib": 3402.0
    }
  }
}